{
    "accuracy": 0.982,
    "precision": 0.963855421686747,
    "recall": 0.963855421686747,
    "f1_score": 0.963855421686747
}